{"initial_reset_timestamp": 1591932755.6530678, "timestamps": [1591932756.8625357], "episode_lengths": [19], "episode_rewards": [19.0], "episode_types": ["t"]}